"Animation","Children's","Comedy","Adventure","Fantasy","Romance","Drama","Action","Crime","Thriller","Horror","Sci-Fi","Documentary","War","Musical","Mystery","Film-Noir","Western"
"m1148","m919","m2858","m260","m260","m912","m318","m260","m858","m50","m1214","m260","m1147","m527","m919","m904","m913","m1304"
"m3114","m3114","m1197","m1198","m1097","m1197","m858","m858","m50","m2762","m1278","m1196","m246","m2028","m1288","m1617","m1252","m1266"
"m745","m1","m1136","m1196","m2797","m2396","m527","m1198","m1221","m593","m1219","m2571","m1189","m912","m899","m913","m541","m1201"
"m1","m1097","m1148","m1197","m1073","m1247","m593","m2028","m608","m2571","m1387","m750","m2859","m1196","m2300","m1252","m1617","m3671"
"m720","m34","m2324","m919","m2872","m969","m912","m1196","m296","m608","m1258","m541","m2064","m750","m914","m903","m922","m590"
"m1223","m2355","m3114","m1210","m2968","m356","m2858","m2571","m1617","m908","m2716","m1240","m162","m110","m1220","m924","m1267","m1283"
"m2761","m3751","m2396","m1291","m2174","m2692","m2028","m1197","m1213","m1617","m1997","m1214","m1361","m1250","m1947","m1212","m3435","m3037"
"m2355","m1073","m1","m1259","m247","m1210","m1193","m110","m1234","m904","m3499","m589","m556","m1204","m1035","m1284","m1284","m3030"
"m3751","m2761","m2997","m1204","m2140","m1230","m1196","m1221","m2692","m1252","m1333","m1210","m2677","m1233","m595","m1269","m2186","m2951"
"m595","m595","m2804","m969","m1019","m899","m1221","m1240","m910","m1240","m1215","m1200","m3007","m1208","m1028","m3730","m3683","m3508"
